{"Milky": {"Type": "SBc", "RA": 17.760278, "Dec": -28.936111, "Distance": 27720.0, "Radius": 50000.0, "AbsMag": -20.6}, "WLM  -----  DDO": {"Type": "Irr", "RA": 0.0328, "Dec": -15.4611, "Distance": 3001000.0, "Radius": 4208.0, "AbsMag": -13.95}, "Sculptor": {"Type": "E0", "RA": 1.0025, "Dec": -33.7092, "Distance": 293600.0, "Radius": 1451.0, "AbsMag": -9.77}, "ESO": {"Type": "Irr", "RA": 23.8672, "Dec": -52.5775, "Distance": 20870000.0, "Radius": 4795.0, "AbsMag": -14.09}, "Sc": {"Type": "S0", "RA": 0.3975, "Dec": -24.705, "Distance": 13730000.0, "Radius": 1729.0, "AbsMag": -10.45}, "Cetus": {"Type": "E4", "RA": 0.4364, "Dec": -11.0444, "Distance": 2544000.0, "Radius": 1843.0, "AbsMag": -10.18}, "UGC": {"Type": "Irr", "RA": 20.5042, "Dec": 60.4403, "Distance": 19240000.0, "Radius": 5626.0, "AbsMag": -14.28}, "And": {"Type": "E3", "RA": 23.8628, "Dec": 24.5861, "Distance": 2675000.0, "Radius": 1435.0, "AbsMag": -10.8}, "KDG": {"Type": "Irr", "RA": 10.8819, "Dec": 69.5458, "Distance": 12070000.0, "Radius": 1027.0, "AbsMag": -10.83}, "DDO": {"Type": "Irr", "RA": 14.59, "Dec": 57.2567, "Distance": 26090000.0, "Radius": 5284.0, "AbsMag": -15.05}, "SMC": {"Type": "Irr", "RA": 0.8772, "Dec": -72.8003, "Distance": 195700.0, "Radius": 8611.0, "AbsMag": -16.35}, "LGS": {"Type": "Irr", "RA": 1.0656, "Dec": 21.8947, "Distance": 2022000.0, "Radius": 326.2, "AbsMag": -7.96}, "KKH": {"Type": "Irr", "RA": 23.7594, "Dec": 38.7178, "Distance": 7991000.0, "Radius": 1272.0, "AbsMag": -10.78}, "KK": {"Type": "S0", "RA": 22.6786, "Dec": -30.7997, "Distance": 12720000.0, "Radius": 2609.0, "AbsMag": -10.66}, "Phoenix": {"Type": "Irr", "RA": 1.8517, "Dec": -44.4447, "Distance": 1435000.0, "Radius": 962.2, "AbsMag": -10.22}, "Cas": {"Type": "Irr", "RA": 2.1019, "Dec": 69.01, "Distance": 10760000.0, "Radius": 8138.0, "AbsMag": -16.7}, "KKs": {"Type": "S0", "RA": 13.7667, "Dec": -36.3289, "Distance": 11740000.0, "Radius": 1680.0, "AbsMag": -10.64}, "MB": {"Type": "Irr", "RA": 2.9286, "Dec": 58.8617, "Distance": 9785000.0, "Radius": 5806.0, "AbsMag": -13.65}, "Maffei": {"Type": "Sc", "RA": 2.6983, "Dec": 59.6031, "Distance": 9133000.0, "Radius": 19500.0, "AbsMag": -20.15}, "Fornax": {"Type": "E4", "RA": 2.665, "Dec": -34.5258, "Distance": 456600.0, "Radius": 1908.0, "AbsMag": -11.5}, "Dw": {"Type": "Sb", "RA": 2.9489, "Dec": 58.9117, "Distance": 9133000.0, "Radius": 9067.0, "AbsMag": -18.78}, "UGCA": {"Type": "Sc", "RA": 23.7294, "Dec": -31.9592, "Distance": 13930000.0, "Radius": 8872.0, "AbsMag": -14.64}, "Cam": {"Type": "Irr", "RA": 4.885, "Dec": 67.0992, "Distance": 10890000.0, "Radius": 3686.0, "AbsMag": -11.85}, "LMC": {"Type": "Irr", "RA": 5.3928, "Dec": -69.7561, "Distance": 163100.0, "Radius": 15900.0, "AbsMag": -17.93}, "Orion": {"Type": "Sc", "RA": 5.7506, "Dec": 5.0683, "Distance": 20870000.0, "Radius": 10090.0, "AbsMag": -17.04}, "A": {"Type": "Irr", "RA": 9.9581, "Dec": 69.2722, "Distance": 12620000.0, "Radius": 3490.0, "AbsMag": -11.51}, "Carina": {"Type": "E3", "RA": 6.6933, "Dec": -50.9661, "Distance": 326200.0, "Radius": 1125.0, "AbsMag": -8.97}, "KKSG": {"Type": "S0", "RA": 12.6883, "Dec": -11.9275, "Distance": 30330000.0, "Radius": 3604.0, "AbsMag": -12.07}, "HIZSS": {"Type": "Irr", "RA": 7.0081, "Dec": -4.2083, "Distance": 4566000.0, "Radius": 3017.0, "AbsMag": -12.19}, "FG": {"Type": "Irr", "RA": 7.0881, "Dec": -58.5206, "Distance": 15980000.0, "Radius": 7551.0, "AbsMag": -14.01}, "Ho": {"Type": "Irr", "RA": 9.9589, "Dec": 69.0431, "Distance": 12070000.0, "Radius": 4517.0, "AbsMag": -13.68}, "F": {"Type": "S0", "RA": 9.7472, "Dec": 67.4756, "Distance": 12300000.0, "Radius": 4208.0, "AbsMag": -12.59}, "FM": {"Type": "S0", "RA": 9.7528, "Dec": 68.765, "Distance": 11150000.0, "Radius": 1517.0, "AbsMag": -10.48}, "BK": {"Type": "S0", "RA": 10.5753, "Dec": 66.0117, "Distance": 12560000.0, "Radius": 1859.0, "AbsMag": -11.08}, "Leo": {"Type": "E0", "RA": 11.2247, "Dec": 22.1547, "Distance": 685000.0, "Radius": 1191.0, "AbsMag": -9.23}, "Sextans": {"Type": "E4", "RA": 10.2175, "Dec": -1.6144, "Distance": 293600.0, "Radius": 1109.0, "AbsMag": -7.98}, "Antlia": {"Type": "E3", "RA": 10.0678, "Dec": -27.3319, "Distance": 4305000.0, "Radius": 1272.0, "AbsMag": -9.75}, "IKN": {"Type": "S0", "RA": 10.1347, "Dec": 68.3992, "Distance": 12070000.0, "Radius": 5202.0, "AbsMag": -11.44}, "HS": {"Type": "Irr", "RA": 10.3569, "Dec": 71.1161, "Distance": 12070000.0, "Radius": 2626.0, "AbsMag": -11.83}, "LeG": {"Type": "Irr", "RA": 11.0506, "Dec": 8.0483, "Distance": 33920000.0, "Radius": 2658.0, "AbsMag": -12.15}, "FS": {"Type": "Irr", "RA": 10.8269, "Dec": 11.3517, "Distance": 33920000.0, "Radius": 2805.0, "AbsMag": -12.22}, "PGC": {"Type": "Irr", "RA": 14.4675, "Dec": -46.3017, "Distance": 11680000.0, "Radius": 3767.0, "AbsMag": -11.83}, "CGCG": {"Type": "Irr", "RA": 11.0739, "Dec": 11.755, "Distance": 33920000.0, "Radius": 5463.0, "AbsMag": -14.45}, "BTS": {"Type": "Irr", "RA": 11.9789, "Dec": 27.585, "Distance": 20550000.0, "Radius": 831.7, "AbsMag": -12.6}, "MCG": {"Type": "Irr", "RA": 12.2628, "Dec": 52.3875, "Distance": 11090000.0, "Radius": 1549.0, "AbsMag": -12.46}, "Arp": {"Type": "Irr", "RA": 12.6225, "Dec": 38.7453, "Distance": 21850000.0, "Radius": 2022.0, "AbsMag": -13.47}, "HIPASSJ": {"Type": "Irr", "RA": 13.8561, "Dec": -47.0, "Distance": 11740000.0, "Radius": 880.7, "AbsMag": -10.9}, "R": {"Type": "Irr", "RA": 12.9778, "Dec": 14.2175, "Distance": 6850000.0, "Radius": 1093.0, "AbsMag": -12.11}, "DEEPJ": {"Type": "Irr", "RA": 13.6167, "Dec": -33.3631, "Distance": 14710000.0, "Radius": 440.3, "AbsMag": -11.18}, "Cen": {"Type": "S0", "RA": 13.8025, "Dec": -47.565, "Distance": 11740000.0, "Radius": 1663.0, "AbsMag": -10.89}, "Circinus  -----  ESO": {"Type": "Sb", "RA": 14.2192, "Dec": -65.3392, "Distance": 9133000.0, "Radius": 18490.0, "AbsMag": -19.9}, "UrsaMinor": {"Type": "E5", "RA": 15.1531, "Dec": 67.2144, "Distance": 195700.0, "Radius": 799.1, "AbsMag": -7.13}, "KKR": {"Type": "Irr", "RA": 21.0981, "Dec": 57.2053, "Distance": 19240000.0, "Radius": 4697.0, "AbsMag": -15.42}, "Draco": {"Type": "E3", "RA": 17.3336, "Dec": 57.9094, "Distance": 260900.0, "Radius": 1288.0, "AbsMag": -8.74}, "Sagittarius": {"Type": "Irr", "RA": 19.4997, "Dec": -17.6781, "Distance": 3392000.0, "Radius": 1500.0, "AbsMag": -11.49}, "Aquarius": {"Type": "Irr", "RA": 20.7808, "Dec": -12.8481, "Distance": 3066000.0, "Radius": 897.0, "AbsMag": -11.09}, "Cepheus": {"Type": "Irr", "RA": 20.8525, "Dec": 56.89, "Distance": 19240000.0, "Radius": 16930.0, "AbsMag": -17.53}, "Tucana": {"Type": "E5", "RA": 22.6969, "Dec": -64.42, "Distance": 2870000.0, "Radius": 1044.0, "AbsMag": -9.16}, "Pegasus": {"Type": "Irr", "RA": 23.4761, "Dec": 14.7467, "Distance": 2479000.0, "Radius": 1696.0, "AbsMag": -11.47}}